,Model,Accuracy,Precision,Recall,F1 Score,ROC-AUC,Average Precision,Matthews Correlation Coefficient,Cohen's Kappa,Time (s),Log Loss
0,Sakil/IMDB_URDUSENTIMENT_MODEL,0.5,0.25,0.5,0.3333333333333333,0.5,0.5,0.0,0.0,232.2006447315216,0.6935602830200438
1,mnoukhov/gpt2-imdb-sentiment-classifier,0.5,0.25,0.5,0.3333333333333333,0.5,0.5,0.0,0.0,443.79055070877075,2.847538360395204
2,wrmurray/roberta-base-finetuned-imdb,0.5,0.25,0.5,0.3333333333333333,0.5,0.5,0.0,0.0,426.1029419898987,3.108170235367206
3,kurianbenoy/distilbert-base-uncased-finetuned-sst-2-english-finetuned-imdb,0.925,0.9261523158620912,0.925,0.9249492657036158,0.925,0.8841967680608365,0.8511515358416237,0.85,222.55690217018127,2.817650585020216
